序号,原始类别,大类,影响度
1,收费站,道路与交通设施用地,20
2,加油站,道路与交通设施用地,20
3,火车站,道路与交通设施用地,85
4,公交车站,道路与交通设施用地,20
5,长途汽车站,道路与交通设施用地,50
6,飞机场,道路与交通设施用地,90
7,公司,工业用地,40
8,工农贸易类公司,工业用地,40
9,电子商务公司,工业用地,40
10,IT类公司,工业用地,40
11,机构及其他类公司,工业用地,40
12,家居装饰类公司,工业用地,40
13,汽车交通类公司,工业用地,40
14,化妆卫浴用品类公司,工业用地,40
15,消费电子类公司,工业用地,40
16,金融服务类公司,工业用地,50
17,房地产类公司,工业用地,50
18,工厂,工业用地,60
19,服装服饰类公司,工业用地,40
20,通讯及服务类公司,工业用地,40
21,产业园区,工业用地,60
22,知名企业,工业用地,60
23,商务服务类公司,工业用地,40
24,教育出国类公司,工业用地,40
25,文化体育类公司,工业用地,40
26,医疗健康类公司,工业用地,50
27,食品饮料类公司,工业用地,40
28,校园生活,公共管理与公共服务设施用地,50
29,小学,公共管理与公共服务设施用地,50
30,医院,公共管理与公共服务设施用地,90
31,中学,公共管理与公共服务设施用地,60
32,诊所,公共管理与公共服务设施用地,40
33,幼儿园,公共管理与公共服务设施用地,40
34,寺庙道观,公共管理与公共服务设施用地,70
35,会展中心,公共管理与公共服务设施用地,60
36,社区服务,公共管理与公共服务设施用地,30
37,文化宫,公共管理与公共服务设施用地,50
38,丧葬,公共管理与公共服务设施用地,20
39,邮局,公共管理与公共服务设施用地,30
40,高校中心点,公共管理与公共服务设施用地,80
41,图书馆,公共管理与公共服务设施用地,60
42,综合体育馆,公共管理与公共服务设施用地,60
43,政府机构,公共管理与公共服务设施用地,100
44,法院,公共管理与公共服务设施用地,100
45,成人教育,公共管理与公共服务设施用地,20
46,科研机构,公共管理与公共服务设施用地,70
47,培训机构,公共管理与公共服务设施用地,10
48,文艺团体,公共管理与公共服务设施用地,30
49,职业技术学校中心点,公共管理与公共服务设施用地,60
50,职业技术学校,公共管理与公共服务设施用地,60
51,高等院校,公共管理与公共服务设施用地,80
52,纪念馆,公共管理与公共服务设施用地,50
53,展览馆,公共管理与公共服务设施用地,50
54,博物馆,公共管理与公共服务设施用地,70
55,世界遗产,公共管理与公共服务设施用地,90
56,回教寺,公共管理与公共服务设施用地,40
57,驾校,公共管理与公共服务设施用地,30
58,警察局,公共管理与公共服务设施用地,70
59,剧场,公共管理与公共服务设施用地,50
60,电视台,公共管理与公共服务设施用地,70
61,报社,公共管理与公共服务设施用地,50
62,税务,公共管理与公共服务设施用地,60
63,动物园,公共管理与公共服务设施用地,70
64,教堂,公共管理与公共服务设施用地,40
65,学校大门,公共管理与公共服务设施用地,30
66,敬老院,公共管理与公共服务设施用地,50
67,运动场所,公共管理与公共服务设施用地,50
68,网球场,公共管理与公共服务设施用地,30
69,消防,公共管理与公共服务设施用地,70
70,电台,公共管理与公共服务设施用地,50
71,美术馆,公共管理与公共服务设施用地,60
72,游泳馆,公共管理与公共服务设施用地,50
73,三甲医院,公共管理与公共服务设施用地,80
74,出版社,公共管理与公共服务设施用地,50
75,科技馆,公共管理与公共服务设施用地,70
76,著名地点,公共管理与公共服务设施用地,70
77,羽毛球场,公共管理与公共服务设施用地,30
78,档案馆,公共管理与公共服务设施用地,40
79,杂志社,公共管理与公共服务设施用地,40
80,植物园,公共管理与公共服务设施用地,70
81,住宅区,居住用地,70
82,公园户外,绿地与广场用地,60
83,一般景点,绿地与广场用地,50
84,国家级景点,绿地与广场用地,80
85,公园,绿地与广场用地,70
86,公园景点售票处,绿地与广场用地,30
87,滑雪场,绿地与广场用地,80
88,公园广场,绿地与广场用地,70
89,省级景点,绿地与广场用地,60
90,城市广场,绿地与广场用地,60
91,垂钓园,绿地与广场用地,40
92,海滨浴场,绿地与广场用地,60
93,餐饮美食,商业服务业设施用地,2
94,生活娱乐,商业服务业设施用地,4
95,出行住宿,商业服务业设施用地,4
96,中餐厅,商业服务业设施用地,2
97,河北菜,商业服务业设施用地,2
98,电影院,商业服务业设施用地,20
99,电讯营业厅,商业服务业设施用地,10
100,楼宇机构,商业服务业设施用地,30
101,银行,商业服务业设施用地,40
102,度假疗养场所,商业服务业设施用地,40
103,四川菜,商业服务业设施用地,2
104,购物服务,商业服务业设施用地,20
105,美容美发店,商业服务业设施用地,2
106,便民商店/便利店,商业服务业设施用地,2
107,甜品店,商业服务业设施用地,2
108,快餐厅,商业服务业设施用地,2
109,火锅店,商业服务业设施用地,2
110,商场,商业服务业设施用地,70
111,烧烤,商业服务业设施用地,2
112,特色／地方风味餐厅,商业服务业设施用地,2
113,旅馆招待所,商业服务业设施用地,30
114,家电电子卖场,商业服务业设施用地,30
115,日本料理,商业服务业设施用地,2
116,休闲餐饮场所,商业服务业设施用地,2
117,照相馆,商业服务业设施用地,2
118,家具建材市场,商业服务业设施用地,60
119,自行车专卖店,商业服务业设施用地,5
120,珠宝首饰工艺品,商业服务业设施用地,5
121,服装鞋帽皮具店,商业服务业设施用地,5
122,网吧,商业服务业设施用地,5
123,钟表店,商业服务业设施用地,2
124,专卖店,商业服务业设施用地,6
125,糕饼店,商业服务业设施用地,2
126,体育用品店,商业服务业设施用地,4
127,书店,商业服务业设施用地,6
128,超级市场,商业服务业设施用地,40
129,烟酒专卖店,商业服务业设施用地,5
130,汽车维修,商业服务业设施用地,10
131,礼品饰品店,商业服务业设施用地,5
132,文化用品店,商业服务业设施用地,5
133,音像店,商业服务业设施用地,5
134,小商品市场,商业服务业设施用地,20
135,冷饮店,商业服务业设施用地,2
136,休闲场所,商业服务业设施用地,4
137,眼镜店,商业服务业设施用地,5
138,经济型连锁酒店,商业服务业设施用地,30
139,ATM,商业服务业设施用地,5
140,综合酒楼,商业服务业设施用地,20
141,茶艺馆,商业服务业设施用地,2
142,楼宇,商业服务业设施用地,30
143,律师事务所,商业服务业设施用地,20
144,清真餐馆,商业服务业设施用地,2
145,个人用品/化妆品店,商业服务业设施用地,5
146,洗浴推拿场所,商业服务业设施用地,10
147,广东菜,商业服务业设施用地,2
148,五星级宾馆,商业服务业设施用地,50
149,汽车销售,商业服务业设施用地,30
150,干洗店,商业服务业设施用地,5
151,三星级宾馆,商业服务业设施用地,40
152,四星级宾馆,商业服务业设施用地,45
153,东北菜,商业服务业设施用地,2
154,海鲜酒楼,商业服务业设施用地,20
155,北京菜,商业服务业设施用地,2
156,韩国料理,商业服务业设施用地,2
157,KTV,商业服务业设施用地,20
158,健身中心,商业服务业设施用地,20
159,咖啡厅,商业服务业设施用地,2
160,自助,商业服务业设施用地,2
161,儿童用品店,商业服务业设施用地,5
162,湖南菜,商业服务业设施用地,2
163,夜店,商业服务业设施用地,20
164,西餐厅,商业服务业设施用地,2
165,二手车交易,商业服务业设施用地,20
166,洗车场,商业服务业设施用地,5
167,旧货市场,商业服务业设施用地,10
168,药店,商业服务业设施用地,20
169,游戏厅,商业服务业设施用地,10
170,酒吧,商业服务业设施用地,20
171,巴西菜,商业服务业设施用地,2
172,汽车租赁,商业服务业设施用地,20
173,迪厅,商业服务业设施用地,20
174,台球厅,商业服务业设施用地,10
175,古玩字画店,商业服务业设施用地,5
176,游乐场,商业服务业设施用地,30
177,摄影器材店,商业服务业设施用地,5
178,老字号,商业服务业设施用地,20
179,特色商业街,商业服务业设施用地,40
180,高尔夫相关,商业服务业设施用地,40
181,浙江菜,商业服务业设施用地,2
182,4S店,商业服务业设施用地,30
183,宠物用品店,商业服务业设施用地,5
184,跆拳道场馆,商业服务业设施用地,10
185,旅游咨询,商业服务业设施用地,10
186,外国餐厅,商业服务业设施用地,2
187,上海菜,商业服务业设施用地,2
188,台湾菜,商业服务业设施用地,2
189,维修机构,商业服务业设施用地,10
190,棋牌室,商业服务业设施用地,10
191,云贵菜,商业服务业设施用地,2
192,意式菜品餐厅,商业服务业设施用地,2
193,熟食,商业服务业设施用地,2
194,零食,商业服务业设施用地,2
195,快递,商业服务业设施用地,20
196,飞机票代售点,商业服务业设施用地,5
197,西北菜,商业服务业设施用地,2
198,火车票代售点,商业服务业设施用地,5
199,汽车俱乐部,商业服务业设施用地,10
200,福建菜,商业服务业设施用地,2
201,公交卡／月票代售点,商业服务业设施用地,5
202,保龄球馆,商业服务业设施用地,20
203,乒乓球馆,商业服务业设施用地,10
204,湖北菜,商业服务业设施用地,2
205,中式素餐馆,商业服务业设施用地,2
206,江苏菜,商业服务业设施用地,2
207,售票处,商业服务业设施用地,20
208,溜冰场,商业服务业设施用地,20
209,一般地点标志,未知,0
210,未知分类,未知,0
211,其他,未知,0
212,大门,未知,0
213,楼宇大门,未知,0
214,无中心点楼宇大门,未知,0
